[{"model": "admin.logentry", "pk": 1, "fields": {"action_time": "2024-08-28T17:52:14.992Z", "user": 1, "content_type": 7, "object_id": "1", "object_repr": "Food object (1)", "action_flag": 1, "change_message": "[{\"added\": {}}]"}}, {"model": "admin.logentry", "pk": 2, "fields": {"action_time": "2024-08-28T17:53:14.967Z", "user": 1, "content_type": 7, "object_id": "2", "object_repr": "Food object (2)", "action_flag": 1, "change_message": "[{\"added\": {}}]"}}, {"model": "admin.logentry", "pk": 3, "fields": {"action_time": "2024-08-28T17:53:40.179Z", "user": 1, "content_type": 7, "object_id": "2", "object_repr": "Food object (2)", "action_flag": 2, "change_message": "[{\"changed\": {\"fields\": [\"Description\"]}}]"}}, {"model": "admin.logentry", "pk": 4, "fields": {"action_time": "2024-08-28T19:20:16.708Z", "user": 1, "content_type": 7, "object_id": "3", "object_repr": "Cafe", "action_flag": 1, "change_message": "[{\"added\": {}}]"}}, {"model": "admin.logentry", "pk": 5, "fields": {"action_time": "2024-08-28T19:20:51.437Z", "user": 1, "content_type": 7, "object_id": "3", "object_repr": "Cafe", "action_flag": 2, "change_message": "[]"}}, {"model": "admin.logentry", "pk": 6, "fields": {"action_time": "2024-08-28T19:22:13.438Z", "user": 1, "content_type": 7, "object_id": "4", "object_repr": "Jugo verde", "action_flag": 1, "change_message": "[{\"added\": {}}]"}}, {"model": "admin.logentry", "pk": 7, "fields": {"action_time": "2024-08-28T19:23:21.257Z", "user": 1, "content_type": 7, "object_id": "5", "object_repr": "Pasta a la boloñesa", "action_flag": 1, "change_message": "[{\"added\": {}}]"}}, {"model": "admin.logentry", "pk": 8, "fields": {"action_time": "2024-08-28T19:23:37.968Z", "user": 1, "content_type": 7, "object_id": "4", "object_repr": "Jugo verde", "action_flag": 2, "change_message": "[{\"changed\": {\"fields\": [\"Price\"]}}]"}}, {"model": "admin.logentry", "pk": 9, "fields": {"action_time": "2024-08-28T19:23:52.847Z", "user": 1, "content_type": 7, "object_id": "2", "object_repr": "Chilaquiles", "action_flag": 2, "change_message": "[{\"changed\": {\"fields\": [\"Price\"]}}]"}}, {"model": "admin.logentry", "pk": 10, "fields": {"action_time": "2024-08-28T19:23:59.802Z", "user": 1, "content_type": 7, "object_id": "1", "object_repr": "Enchiladas", "action_flag": 2, "change_message": "[{\"changed\": {\"fields\": [\"Price\"]}}]"}}, {"model": "admin.logentry", "pk": 11, "fields": {"action_time": "2024-08-28T19:25:15.032Z", "user": 1, "content_type": 7, "object_id": "6", "object_repr": "Chile en nogada", "action_flag": 1, "change_message": "[{\"added\": {}}]"}}, {"model": "admin.logentry", "pk": 12, "fields": {"action_time": "2024-08-28T19:25:31.332Z", "user": 1, "content_type": 7, "object_id": "6", "object_repr": "Chile en nogada", "action_flag": 2, "change_message": "[]"}}, {"model": "admin.logentry", "pk": 13, "fields": {"action_time": "2024-08-28T19:25:51.231Z", "user": 1, "content_type": 7, "object_id": "1", "object_repr": "Enchiladas", "action_flag": 2, "change_message": "[]"}}, {"model": "admin.logentry", "pk": 14, "fields": {"action_time": "2024-08-28T19:26:45.447Z", "user": 1, "content_type": 7, "object_id": "7", "object_repr": "Jugo de naranja", "action_flag": 1, "change_message": "[{\"added\": {}}]"}}, {"model": "admin.logentry", "pk": 15, "fields": {"action_time": "2024-08-28T19:28:13.052Z", "user": 1, "content_type": 7, "object_id": "8", "object_repr": "Coca-cola", "action_flag": 1, "change_message": "[{\"added\": {}}]"}}, {"model": "admin.logentry", "pk": 16, "fields": {"action_time": "2024-08-28T19:29:30.867Z", "user": 1, "content_type": 7, "object_id": "9", "object_repr": "Pay de limon", "action_flag": 1, "change_message": "[{\"added\": {}}]"}}, {"model": "admin.logentry", "pk": 17, "fields": {"action_time": "2024-08-28T19:31:55.207Z", "user": 1, "content_type": 7, "object_id": "10", "object_repr": "Lasagne", "action_flag": 1, "change_message": "[{\"added\": {}}]"}}, {"model": "admin.logentry", "pk": 18, "fields": {"action_time": "2024-08-28T19:34:07.957Z", "user": 1, "content_type": 7, "object_id": "2", "object_repr": "Chilaquiles", "action_flag": 2, "change_message": "[]"}}, {"model": "admin.logentry", "pk": 19, "fields": {"action_time": "2024-08-28T20:54:02.395Z", "user": 1, "content_type": 8, "object_id": "1", "object_repr": "Store object (1)", "action_flag": 1, "change_message": "[{\"added\": {}}]"}}, {"model": "admin.logentry", "pk": 20, "fields": {"action_time": "2024-08-28T21:13:32.018Z", "user": 1, "content_type": 8, "object_id": "1", "object_repr": "Store object (1)", "action_flag": 2, "change_message": "[{\"changed\": {\"fields\": [\"Foods\"]}}]"}}, {"model": "admin.logentry", "pk": 21, "fields": {"action_time": "2024-08-28T21:13:41.611Z", "user": 1, "content_type": 8, "object_id": "1", "object_repr": "Store object (1)", "action_flag": 2, "change_message": "[]"}}, {"model": "admin.logentry", "pk": 22, "fields": {"action_time": "2024-08-28T21:38:03.503Z", "user": 1, "content_type": 8, "object_id": "1", "object_repr": "Store object (1)", "action_flag": 2, "change_message": "[{\"changed\": {\"fields\": [\"Users\"]}}]"}}, {"model": "admin.logentry", "pk": 23, "fields": {"action_time": "2024-08-28T21:38:28.027Z", "user": 1, "content_type": 8, "object_id": "1", "object_repr": "Store object (1)", "action_flag": 2, "change_message": "[]"}}, {"model": "admin.logentry", "pk": 24, "fields": {"action_time": "2024-08-28T21:39:12.266Z", "user": 1, "content_type": 8, "object_id": "1", "object_repr": "Store object (1)", "action_flag": 2, "change_message": "[]"}}, {"model": "admin.logentry", "pk": 25, "fields": {"action_time": "2024-08-28T21:54:30.953Z", "user": 1, "content_type": 8, "object_id": "1", "object_repr": "Mana restaurante", "action_flag": 2, "change_message": "[{\"changed\": {\"fields\": [\"Name\"]}}]"}}, {"model": "admin.logentry", "pk": 26, "fields": {"action_time": "2024-08-28T21:54:44.620Z", "user": 1, "content_type": 8, "object_id": "1", "object_repr": "Mana restaurante", "action_flag": 2, "change_message": "[]"}}, {"model": "admin.logentry", "pk": 27, "fields": {"action_time": "2024-08-28T21:55:46.597Z", "user": 1, "content_type": 9, "object_id": "1", "object_repr": "Ticket #1 - Mana restaurante - Pendiente", "action_flag": 1, "change_message": "[{\"added\": {}}]"}}, {"model": "admin.logentry", "pk": 28, "fields": {"action_time": "2024-08-28T21:57:47.310Z", "user": 1, "content_type": 10, "object_id": "1", "object_repr": "3x Enchiladas - Ticket #1", "action_flag": 1, "change_message": "[{\"added\": {}}]"}}, {"model": "admin.logentry", "pk": 29, "fields": {"action_time": "2024-08-28T21:58:05.761Z", "user": 1, "content_type": 10, "object_id": "2", "object_repr": "2x Cafe - Ticket #1", "action_flag": 1, "change_message": "[{\"added\": {}}]"}}, {"model": "admin.logentry", "pk": 30, "fields": {"action_time": "2024-08-28T22:37:44.412Z", "user": 1, "content_type": 9, "object_id": "4", "object_repr": "Ticket #4 - Mana restaurante - Pendiente", "action_flag": 2, "change_message": "[{\"changed\": {\"fields\": [\"Customer name\"]}}]"}}, {"model": "admin.logentry", "pk": 31, "fields": {"action_time": "2024-08-28T22:42:31.453Z", "user": 1, "content_type": 10, "object_id": "11", "object_repr": "2x Enchiladas - Ticket #5", "action_flag": 2, "change_message": "[]"}}, {"model": "admin.logentry", "pk": 32, "fields": {"action_time": "2024-08-29T01:02:55.671Z", "user": 1, "content_type": 7, "object_id": "10", "object_repr": "Lasagne", "action_flag": 2, "change_message": "[{\"changed\": {\"fields\": [\"Store\"]}}]"}}, {"model": "admin.logentry", "pk": 33, "fields": {"action_time": "2024-08-29T19:32:28.669Z", "user": 1, "content_type": 9, "object_id": "14", "object_repr": "Ticket #14 - Mana restaurante - Pendiente", "action_flag": 2, "change_message": "[{\"changed\": {\"name\": \"ticket item\", \"object\": \"3x Enchiladas - Ticket #14\", \"fields\": [\"Quantity\"]}}]"}}, {"model": "admin.logentry", "pk": 34, "fields": {"action_time": "2024-08-29T20:13:52.971Z", "user": 1, "content_type": 9, "object_id": "17", "object_repr": "Ticket #17 - Mana restaurante - Pendiente", "action_flag": 1, "change_message": "[{\"added\": {}}, {\"added\": {\"name\": \"ticket item\", \"object\": \"1x Chilaquiles - Ticket #17\"}}, {\"added\": {\"name\": \"ticket item\", \"object\": \"2x Jugo verde - Ticket #17\"}}]"}}, {"model": "admin.logentry", "pk": 35, "fields": {"action_time": "2024-08-29T20:37:39.928Z", "user": 1, "content_type": 9, "object_id": "13", "object_repr": "Ticket #13 - Mana restaurante - Pendiente", "action_flag": 2, "change_message": "[]"}}, {"model": "admin.logentry", "pk": 36, "fields": {"action_time": "2024-08-29T20:37:57.060Z", "user": 1, "content_type": 7, "object_id": "3", "object_repr": "Cafe", "action_flag": 2, "change_message": "[{\"changed\": {\"fields\": [\"Price\"]}}]"}}, {"model": "admin.logentry", "pk": 37, "fields": {"action_time": "2024-08-29T21:01:24.627Z", "user": 1, "content_type": 7, "object_id": "9", "object_repr": "Pay de limon", "action_flag": 2, "change_message": "[{\"changed\": {\"fields\": [\"Store\"]}}]"}}, {"model": "admin.logentry", "pk": 38, "fields": {"action_time": "2024-08-29T21:05:08.179Z", "user": 1, "content_type": 7, "object_id": "8", "object_repr": "Coca-cola", "action_flag": 2, "change_message": "[{\"changed\": {\"fields\": [\"Store\"]}}]"}}, {"model": "admin.logentry", "pk": 39, "fields": {"action_time": "2024-08-29T21:05:29.415Z", "user": 1, "content_type": 7, "object_id": "3", "object_repr": "Cafe", "action_flag": 2, "change_message": "[{\"changed\": {\"fields\": [\"Price\"]}}]"}}, {"model": "admin.logentry", "pk": 40, "fields": {"action_time": "2024-09-03T00:27:15.180Z", "user": 1, "content_type": 10, "object_id": "41", "object_repr": "4x Cafe - Ticket #22", "action_flag": 2, "change_message": "[]"}}, {"model": "admin.logentry", "pk": 41, "fields": {"action_time": "2024-09-04T03:30:01.899Z", "user": 1, "content_type": 7, "object_id": "2", "object_repr": "Chilaquiles", "action_flag": 2, "change_message": "[{\"changed\": {\"fields\": [\"Image\"]}}]"}}, {"model": "admin.logentry", "pk": 42, "fields": {"action_time": "2024-09-04T03:30:59.531Z", "user": 1, "content_type": 7, "object_id": "4", "object_repr": "Jugo verde", "action_flag": 2, "change_message": "[{\"changed\": {\"fields\": [\"Image\"]}}]"}}, {"model": "admin.logentry", "pk": 43, "fields": {"action_time": "2024-09-04T03:31:56.164Z", "user": 1, "content_type": 7, "object_id": "8", "object_repr": "Coca-cola", "action_flag": 2, "change_message": "[{\"changed\": {\"fields\": [\"Image\"]}}]"}}, {"model": "admin.logentry", "pk": 44, "fields": {"action_time": "2024-09-04T03:32:41.857Z", "user": 1, "content_type": 7, "object_id": "7", "object_repr": "Jugo de naranja", "action_flag": 2, "change_message": "[{\"changed\": {\"fields\": [\"Image\"]}}]"}}, {"model": "admin.logentry", "pk": 45, "fields": {"action_time": "2024-09-04T03:58:59.720Z", "user": 1, "content_type": 7, "object_id": "1", "object_repr": "Enchiladas", "action_flag": 2, "change_message": "[]"}}, {"model": "auth.permission", "pk": 1, "fields": {"name": "Can add log entry", "content_type": 1, "codename": "add_logentry"}}, {"model": "auth.permission", "pk": 2, "fields": {"name": "Can change log entry", "content_type": 1, "codename": "change_logentry"}}, {"model": "auth.permission", "pk": 3, "fields": {"name": "Can delete log entry", "content_type": 1, "codename": "delete_logentry"}}, {"model": "auth.permission", "pk": 4, "fields": {"name": "Can view log entry", "content_type": 1, "codename": "view_logentry"}}, {"model": "auth.permission", "pk": 5, "fields": {"name": "Can add permission", "content_type": 2, "codename": "add_permission"}}, {"model": "auth.permission", "pk": 6, "fields": {"name": "Can change permission", "content_type": 2, "codename": "change_permission"}}, {"model": "auth.permission", "pk": 7, "fields": {"name": "Can delete permission", "content_type": 2, "codename": "delete_permission"}}, {"model": "auth.permission", "pk": 8, "fields": {"name": "Can view permission", "content_type": 2, "codename": "view_permission"}}, {"model": "auth.permission", "pk": 9, "fields": {"name": "Can add group", "content_type": 3, "codename": "add_group"}}, {"model": "auth.permission", "pk": 10, "fields": {"name": "Can change group", "content_type": 3, "codename": "change_group"}}, {"model": "auth.permission", "pk": 11, "fields": {"name": "Can delete group", "content_type": 3, "codename": "delete_group"}}, {"model": "auth.permission", "pk": 12, "fields": {"name": "Can view group", "content_type": 3, "codename": "view_group"}}, {"model": "auth.permission", "pk": 13, "fields": {"name": "Can add user", "content_type": 4, "codename": "add_user"}}, {"model": "auth.permission", "pk": 14, "fields": {"name": "Can change user", "content_type": 4, "codename": "change_user"}}, {"model": "auth.permission", "pk": 15, "fields": {"name": "Can delete user", "content_type": 4, "codename": "delete_user"}}, {"model": "auth.permission", "pk": 16, "fields": {"name": "Can view user", "content_type": 4, "codename": "view_user"}}, {"model": "auth.permission", "pk": 17, "fields": {"name": "Can add content type", "content_type": 5, "codename": "add_contenttype"}}, {"model": "auth.permission", "pk": 18, "fields": {"name": "Can change content type", "content_type": 5, "codename": "change_contenttype"}}, {"model": "auth.permission", "pk": 19, "fields": {"name": "Can delete content type", "content_type": 5, "codename": "delete_contenttype"}}, {"model": "auth.permission", "pk": 20, "fields": {"name": "Can view content type", "content_type": 5, "codename": "view_contenttype"}}, {"model": "auth.permission", "pk": 21, "fields": {"name": "Can add session", "content_type": 6, "codename": "add_session"}}, {"model": "auth.permission", "pk": 22, "fields": {"name": "Can change session", "content_type": 6, "codename": "change_session"}}, {"model": "auth.permission", "pk": 23, "fields": {"name": "Can delete session", "content_type": 6, "codename": "delete_session"}}, {"model": "auth.permission", "pk": 24, "fields": {"name": "Can view session", "content_type": 6, "codename": "view_session"}}, {"model": "auth.permission", "pk": 25, "fields": {"name": "Can add food", "content_type": 7, "codename": "add_food"}}, {"model": "auth.permission", "pk": 26, "fields": {"name": "Can change food", "content_type": 7, "codename": "change_food"}}, {"model": "auth.permission", "pk": 27, "fields": {"name": "Can delete food", "content_type": 7, "codename": "delete_food"}}, {"model": "auth.permission", "pk": 28, "fields": {"name": "Can view food", "content_type": 7, "codename": "view_food"}}, {"model": "auth.permission", "pk": 29, "fields": {"name": "Can add store", "content_type": 8, "codename": "add_store"}}, {"model": "auth.permission", "pk": 30, "fields": {"name": "Can change store", "content_type": 8, "codename": "change_store"}}, {"model": "auth.permission", "pk": 31, "fields": {"name": "Can delete store", "content_type": 8, "codename": "delete_store"}}, {"model": "auth.permission", "pk": 32, "fields": {"name": "Can view store", "content_type": 8, "codename": "view_store"}}, {"model": "auth.permission", "pk": 33, "fields": {"name": "Can add ticket", "content_type": 9, "codename": "add_ticket"}}, {"model": "auth.permission", "pk": 34, "fields": {"name": "Can change ticket", "content_type": 9, "codename": "change_ticket"}}, {"model": "auth.permission", "pk": 35, "fields": {"name": "Can delete ticket", "content_type": 9, "codename": "delete_ticket"}}, {"model": "auth.permission", "pk": 36, "fields": {"name": "Can view ticket", "content_type": 9, "codename": "view_ticket"}}, {"model": "auth.permission", "pk": 37, "fields": {"name": "Can add ticket item", "content_type": 10, "codename": "add_ticketitem"}}, {"model": "auth.permission", "pk": 38, "fields": {"name": "Can change ticket item", "content_type": 10, "codename": "change_ticketitem"}}, {"model": "auth.permission", "pk": 39, "fields": {"name": "Can delete ticket item", "content_type": 10, "codename": "delete_ticketitem"}}, {"model": "auth.permission", "pk": 40, "fields": {"name": "Can view ticket item", "content_type": 10, "codename": "view_ticketitem"}}, {"model": "auth.user", "pk": 1, "fields": {"password": "pbkdf2_sha256$600000$HGRCdjw307Z8Yx8oWknY5m$lDOki91hv3NGpG8OlKTixojueK50EU+t/tKEinKCapw=", "last_login": "2024-09-04T01:32:38.512Z", "is_superuser": true, "username": "freddy", "first_name": "", "last_name": "", "email": "test@gmail.com", "is_staff": true, "is_active": true, "date_joined": "2024-08-28T17:49:13.851Z", "groups": [], "user_permissions": []}}, {"model": "contenttypes.contenttype", "pk": 1, "fields": {"app_label": "admin", "model": "logentry"}}, {"model": "contenttypes.contenttype", "pk": 2, "fields": {"app_label": "auth", "model": "permission"}}, {"model": "contenttypes.contenttype", "pk": 3, "fields": {"app_label": "auth", "model": "group"}}, {"model": "contenttypes.contenttype", "pk": 4, "fields": {"app_label": "auth", "model": "user"}}, {"model": "contenttypes.contenttype", "pk": 5, "fields": {"app_label": "contenttypes", "model": "contenttype"}}, {"model": "contenttypes.contenttype", "pk": 6, "fields": {"app_label": "sessions", "model": "session"}}, {"model": "contenttypes.contenttype", "pk": 7, "fields": {"app_label": "restaurant", "model": "food"}}, {"model": "contenttypes.contenttype", "pk": 8, "fields": {"app_label": "restaurant", "model": "store"}}, {"model": "contenttypes.contenttype", "pk": 9, "fields": {"app_label": "restaurant", "model": "ticket"}}, {"model": "contenttypes.contenttype", "pk": 10, "fields": {"app_label": "restaurant", "model": "ticketitem"}}, {"model": "sessions.session", "pk": "4enahwdg41udeyvwz5icv2loltkxc0ia", "fields": {"session_data": ".eJxVjMEOgjAQRP-lZ9PQFrbFo3e-odntLhY1JaFwMv67kHDQ22Tem3mriNua41ZliROrqzLq8tsRpqeUA_ADy33WaS7rMpE-FH3SqoeZ5XU73b-DjDXva2EOFBw4RAfJgfUMFOy4Z2o6b9pgUcYUGpM8p16ww14IWkLwErxTny_1GThs:1sjTH7:zbafoLgHnrbO8yX0sWtdwXL08bNJ06r3nJusFCz2KpQ", "expire_date": "2024-09-12T00:44:33.322Z"}}, {"model": "sessions.session", "pk": "m174wshgoew5yz7dqdir2hbw6tm64mqa", "fields": {"session_data": ".eJxVjMEOgjAQRP-lZ9PQFrbFo3e-odntLhY1JaFwMv67kHDQ22Tem3mriNua41ZliROrqzLq8tsRpqeUA_ADy33WaS7rMpE-FH3SqoeZ5XU73b-DjDXva2EOFBw4RAfJgfUMFOy4Z2o6b9pgUcYUGpM8p16ww14IWkLwErxTny_1GThs:1sjMoJ:PIXAO87y0BSVg_sm7qzKio-v_PMNy0QFan6LvWpOLbE", "expire_date": "2024-09-11T17:50:23.795Z"}}, {"model": "sessions.session", "pk": "z2i95diyku82xxcj4fcgk62pev5j5qui", "fields": {"session_data": ".eJxVjMEOgjAQRP-lZ9PQFrbFo3e-odntLhY1JaFwMv67kHDQ22Tem3mriNua41ZliROrqzLq8tsRpqeUA_ADy33WaS7rMpE-FH3SqoeZ5XU73b-DjDXva2EOFBw4RAfJgfUMFOy4Z2o6b9pgUcYUGpM8p16ww14IWkLwErxTny_1GThs:1slesw:OBN6Nwt2XEk54ROHFURJvZi9hsYYy5qvCQ-gyLC_MGI", "expire_date": "2024-09-18T01:32:38.525Z"}}, {"model": "restaurant.food", "pk": 1, "fields": {"title": "Enchiladas", "description": "Unas ricas enchiladas", "image": "https://assets.elgourmet.com/wp-content/uploads/2023/03/cover_0aeg3hm84l_enchiladas.jpg", "price": "80.00", "store": null}}, {"model": "restaurant.food", "pk": 2, "fields": {"title": "Chilaquiles", "description": "Los mas ricos", "image": "https://patijinich.com/es/wp-content/uploads/sites/3/2017/07/207-chilaquiles-verdes.jpg", "price": "75.00", "store": null}}, {"model": "restaurant.food", "pk": 3, "fields": {"title": "Cafe", "description": "Rico cafe", "image": "https://upload.wikimedia.org/wikipedia/commons/thumb/4/45/A_small_cup_of_coffee.JPG/1200px-A_small_cup_of_coffee.JPG", "price": "50.00", "store": null}}, {"model": "restaurant.food", "pk": 4, "fields": {"title": "Jugo verde", "description": "Jugo hecho a base de vegetales", "image": "https://okdiario.com/img/2018/06/15/receta-de-zumo-detox-con-apio.jpg", "price": "40.00", "store": null}}, {"model": "restaurant.food", "pk": 5, "fields": {"title": "Pasta a la boloñesa", "description": "Pasta con carne de res", "image": "https://encrypted-tbn0.gstatic.com/images?q=tbn:ANd9GcQqC3pTZiOdLb4QKiqDjHPoYuS3BoCfCiXRZA&s", "price": "80.00", "store": null}}, {"model": "restaurant.food", "pk": 6, "fields": {"title": "Chile en nogada", "description": "Chile relleno con nogada y granada", "image": "https://encrypted-tbn0.gstatic.com/images?q=tbn:ANd9GcQDAfBMbFGyWxK0mjFgk2Dnlz7oL9Wltd8yLg&s", "price": "250.00", "store": null}}, {"model": "restaurant.food", "pk": 7, "fields": {"title": "Jugo de naranja", "description": "Jugo hecho con naranja fresca", "image": "https://media.glamour.mx/photos/653836ba50e780930c5400e8/1:1/w_2000,h_2000,c_limit/tomar-jugo-de-naranja-beneficios.jpg", "price": "30.00", "store": null}}, {"model": "restaurant.food", "pk": 8, "fields": {"title": "Coca-cola", "description": "Coca-cola de 600ml", "image": "https://p.turbosquid.com/ts-thumb/TW/2g571G/Qp/bottle_search/jpg/1634345772/600x600/fit_q87/b779d65431616066509262cf1567e82ac038c5ac/bottle_search.jpg", "price": "20.00", "store": 1}}, {"model": "restaurant.food", "pk": 9, "fields": {"title": "Pay de limon", "description": "Pay hecho a base de galletas maria y limon", "image": "https://aderezo.mx/wp-content/uploads/2020/12/eaf1276f7dd96582fd3fb26af427113c_CARLOTA_DE_PAY_DE_LIMON-2-1024x555.jpg", "price": "40.00", "store": 1}}, {"model": "restaurant.food", "pk": 10, "fields": {"title": "Lasagne", "description": "Pasta hecha con salsa de jitomate, queso y carne de res", "image": "https://static01.nyt.com/images/2023/08/31/multimedia/RS-Lasagna-hkjl/RS-Lasagna-hkjl-googleFourByThree-v2.jpg", "price": "90.00", "store": 1}}, {"model": "restaurant.store", "pk": 1, "fields": {"name": "Mana restaurante", "location": "19.509249, -99.123019", "users": [1]}}, {"model": "restaurant.ticket", "pk": 1, "fields": {"store": 1, "date": "2024-08-28T21:55:46.595Z", "total": null, "status": "PEN", "customer_name": "Axel"}}, {"model": "restaurant.ticket", "pk": 2, "fields": {"store": 1, "date": "2024-08-28T22:27:02.769Z", "total": null, "status": "PEN", "customer_name": "John Doe"}}, {"model": "restaurant.ticket", "pk": 3, "fields": {"store": 1, "date": "2024-08-28T22:29:10.705Z", "total": null, "status": "PEN", "customer_name": "John Doe"}}, {"model": "restaurant.ticket", "pk": 4, "fields": {"store": 1, "date": "2024-08-28T22:31:52.901Z", "total": null, "status": "PEN", "customer_name": "525"}}, {"model": "restaurant.ticket", "pk": 5, "fields": {"store": 1, "date": "2024-08-28T22:32:02.409Z", "total": null, "status": "PEN", "customer_name": "Fidel"}}, {"model": "restaurant.ticket", "pk": 6, "fields": {"store": 1, "date": "2024-08-28T22:53:03.248Z", "total": null, "status": "PEN", "customer_name": "Fidel"}}, {"model": "restaurant.ticket", "pk": 7, "fields": {"store": 1, "date": "2024-08-28T22:53:10.497Z", "total": null, "status": "PEN", "customer_name": "FidelOlmos"}}, {"model": "restaurant.ticket", "pk": 8, "fields": {"store": 1, "date": "2024-08-29T01:06:54.966Z", "total": null, "status": "PEN", "customer_name": "FidelOlmos"}}, {"model": "restaurant.ticket", "pk": 9, "fields": {"store": 1, "date": "2024-08-29T01:07:19.962Z", "total": null, "status": "PEN", "customer_name": "Mel"}}, {"model": "restaurant.ticket", "pk": 10, "fields": {"store": 1, "date": "2024-08-29T19:20:50.318Z", "total": null, "status": "PEN", "customer_name": "Mel"}}, {"model": "restaurant.ticket", "pk": 11, "fields": {"store": 1, "date": "2024-08-29T19:29:15.655Z", "total": null, "status": "PEN", "customer_name": "Mel"}}, {"model": "restaurant.ticket", "pk": 12, "fields": {"store": 1, "date": "2024-08-29T19:29:49.088Z", "total": null, "status": "PEN", "customer_name": "Axel 29 Agosto 1"}}, {"model": "restaurant.ticket", "pk": 13, "fields": {"store": 1, "date": "2024-08-29T19:30:50.059Z", "total": null, "status": "PEN", "customer_name": "Axel 29 Agosto 1"}}, {"model": "restaurant.ticket", "pk": 14, "fields": {"store": 1, "date": "2024-08-29T19:31:56.915Z", "total": null, "status": "PEN", "customer_name": "Axel 29 Agosto 1"}}, {"model": "restaurant.ticket", "pk": 15, "fields": {"store": 1, "date": "2024-08-29T19:49:38.911Z", "total": null, "status": "PEN", "customer_name": "Axel 29 Agosto 1"}}, {"model": "restaurant.ticket", "pk": 16, "fields": {"store": 1, "date": "2024-08-29T20:05:49.013Z", "total": null, "status": "PEN", "customer_name": "Axel 29 Agosto 1"}}, {"model": "restaurant.ticket", "pk": 17, "fields": {"store": 1, "date": "2024-08-29T20:13:52.969Z", "total": null, "status": "PEN", "customer_name": "Fidel"}}, {"model": "restaurant.ticket", "pk": 18, "fields": {"store": 1, "date": "2024-08-29T20:14:11.111Z", "total": null, "status": "PEN", "customer_name": "Axel 29 Agosto 1"}}, {"model": "restaurant.ticket", "pk": 19, "fields": {"store": 1, "date": "2024-08-29T20:20:37.641Z", "total": null, "status": "PEN", "customer_name": "Axel 29 Agosto 1"}}, {"model": "restaurant.ticket", "pk": 20, "fields": {"store": 1, "date": "2024-08-29T20:31:10.128Z", "total": null, "status": "PEN", "customer_name": "Alfredo"}}, {"model": "restaurant.ticket", "pk": 21, "fields": {"store": 1, "date": "2024-08-29T20:34:08.799Z", "total": "120.00", "status": "PEN", "customer_name": "Alfredo"}}, {"model": "restaurant.ticket", "pk": 22, "fields": {"store": 1, "date": "2024-08-29T20:36:33.250Z", "total": "320.00", "status": "PEN", "customer_name": "Alfredo"}}, {"model": "restaurant.ticketitem", "pk": 1, "fields": {"ticket": 1, "food": 1, "quantity": 3, "price": "60.00"}}, {"model": "restaurant.ticketitem", "pk": 2, "fields": {"ticket": 1, "food": 3, "quantity": 2, "price": "50.00"}}, {"model": "restaurant.ticketitem", "pk": 3, "fields": {"ticket": 2, "food": 1, "quantity": 2, "price": "30.00"}}, {"model": "restaurant.ticketitem", "pk": 4, "fields": {"ticket": 2, "food": 2, "quantity": 1, "price": "90.00"}}, {"model": "restaurant.ticketitem", "pk": 5, "fields": {"ticket": 3, "food": 1, "quantity": 1, "price": "30.00"}}, {"model": "restaurant.ticketitem", "pk": 6, "fields": {"ticket": 3, "food": 2, "quantity": 1, "price": "90.00"}}, {"model": "restaurant.ticketitem", "pk": 7, "fields": {"ticket": 4, "food": 1, "quantity": 2, "price": "30.00"}}, {"model": "restaurant.ticketitem", "pk": 8, "fields": {"ticket": 4, "food": 2, "quantity": 1, "price": "90.00"}}, {"model": "restaurant.ticketitem", "pk": 9, "fields": {"ticket": 4, "food": 4, "quantity": 1, "price": "90.00"}}, {"model": "restaurant.ticketitem", "pk": 10, "fields": {"ticket": 4, "food": 3, "quantity": 1, "price": "90.00"}}, {"model": "restaurant.ticketitem", "pk": 11, "fields": {"ticket": 5, "food": 1, "quantity": 2, "price": "30.00"}}, {"model": "restaurant.ticketitem", "pk": 12, "fields": {"ticket": 5, "food": 2, "quantity": 1, "price": "90.00"}}, {"model": "restaurant.ticketitem", "pk": 13, "fields": {"ticket": 5, "food": 4, "quantity": 1, "price": "90.00"}}, {"model": "restaurant.ticketitem", "pk": 14, "fields": {"ticket": 5, "food": 3, "quantity": 1, "price": "90.00"}}, {"model": "restaurant.ticketitem", "pk": 15, "fields": {"ticket": 6, "food": 1, "quantity": 2, "price": "30.00"}}, {"model": "restaurant.ticketitem", "pk": 16, "fields": {"ticket": 6, "food": 2, "quantity": 1, "price": "90.00"}}, {"model": "restaurant.ticketitem", "pk": 17, "fields": {"ticket": 6, "food": 4, "quantity": 1, "price": "90.00"}}, {"model": "restaurant.ticketitem", "pk": 18, "fields": {"ticket": 6, "food": 3, "quantity": 1, "price": "90.00"}}, {"model": "restaurant.ticketitem", "pk": 19, "fields": {"ticket": 7, "food": 1, "quantity": 2, "price": "30.00"}}, {"model": "restaurant.ticketitem", "pk": 20, "fields": {"ticket": 7, "food": 2, "quantity": 1, "price": "90.00"}}, {"model": "restaurant.ticketitem", "pk": 21, "fields": {"ticket": 7, "food": 4, "quantity": 1, "price": "90.00"}}, {"model": "restaurant.ticketitem", "pk": 22, "fields": {"ticket": 7, "food": 3, "quantity": 1, "price": "90.00"}}, {"model": "restaurant.ticketitem", "pk": 23, "fields": {"ticket": 8, "food": 1, "quantity": 2, "price": "100.00"}}, {"model": "restaurant.ticketitem", "pk": 24, "fields": {"ticket": 8, "food": 2, "quantity": 1, "price": "990.00"}}, {"model": "restaurant.ticketitem", "pk": 25, "fields": {"ticket": 8, "food": 4, "quantity": 1, "price": "1.00"}}, {"model": "restaurant.ticketitem", "pk": 26, "fields": {"ticket": 8, "food": 3, "quantity": 1, "price": "90.00"}}, {"model": "restaurant.ticketitem", "pk": 27, "fields": {"ticket": 9, "food": 1, "quantity": 2, "price": "100.00"}}, {"model": "restaurant.ticketitem", "pk": 28, "fields": {"ticket": 10, "food": 1, "quantity": 2, "price": "3.00"}}, {"model": "restaurant.ticketitem", "pk": 29, "fields": {"ticket": 11, "food": 1, "quantity": 2, "price": "80.00"}}, {"model": "restaurant.ticketitem", "pk": 30, "fields": {"ticket": 12, "food": 1, "quantity": 2, "price": "80.00"}}, {"model": "restaurant.ticketitem", "pk": 31, "fields": {"ticket": 13, "food": 1, "quantity": 2, "price": "80.00"}}, {"model": "restaurant.ticketitem", "pk": 32, "fields": {"ticket": 14, "food": 1, "quantity": 3, "price": "160.00"}}, {"model": "restaurant.ticketitem", "pk": 33, "fields": {"ticket": 15, "food": 1, "quantity": 2, "price": "160.00"}}, {"model": "restaurant.ticketitem", "pk": 34, "fields": {"ticket": 16, "food": 1, "quantity": 2, "price": "160.00"}}, {"model": "restaurant.ticketitem", "pk": 35, "fields": {"ticket": 17, "food": 2, "quantity": 1, "price": "80.00"}}, {"model": "restaurant.ticketitem", "pk": 36, "fields": {"ticket": 17, "food": 4, "quantity": 2, "price": "50.00"}}, {"model": "restaurant.ticketitem", "pk": 37, "fields": {"ticket": 18, "food": 1, "quantity": 2, "price": "160.00"}}, {"model": "restaurant.ticketitem", "pk": 38, "fields": {"ticket": 19, "food": 1, "quantity": 2, "price": "160.00"}}, {"model": "restaurant.ticketitem", "pk": 39, "fields": {"ticket": 21, "food": 4, "quantity": 3, "price": "120.00"}}, {"model": "restaurant.ticketitem", "pk": 40, "fields": {"ticket": 22, "food": 4, "quantity": 3, "price": "120.00"}}, {"model": "restaurant.ticketitem", "pk": 41, "fields": {"ticket": 22, "food": 3, "quantity": 4, "price": "200.00"}}]